"Rank","Name","Total_Net_Worth","Last_Change","YTD_Change","Region","Industry"
1,"Elon Musk","$259B","+$8.38B","-$11.0B","United States","Technology"
2,"Jeff Bezos","$180B","+$4.85B","-$12.2B","United States","Technology"
3,"Bernard Arnault","$142B","+$1.53B","-$36.0B","France","Consumer"
4,"Bill Gates","$130B","+$1.37B","-$8.13B","United States","Technology"
5,"Warren Buffett","$125B","-$1.23B","+$16.4B","United States","Diversified"
6,"Gautam Adani","$118B","+$805M","+$41.9B","India","Industrial"
7,"Larry Page","$116B","+$1.70B","-$12.1B","United States","Technology"
8,"Sergey Brin","$111B","+$1.60B","-$12.0B","United States","Technology"
9,"Steve Ballmer","$101B","+$1.85B","-$4.77B","United States","Technology"
10,"Larry Ellison","$100B","+$1.08B","-$6.71B","United States","Technology"
11,"Mukesh Ambani","$94.9B","-$301M","+$4.95B","India","Energy"
12,"Carlos Slim","$81.1B","+$703M","+$7.32B","Mexico","Diversified"
13,"Mark Zuckerberg","$79.0B","+$298M","-$46.5B","United States","Technology"
14,"Francoise Bettencourt Meyers","$77.7B","-$75.9M","-$15.9B","France","Consumer"
15,"Zhong Shanshan","$72.9B","-$772M","-$6.96B","China","Diversified"
16,"Jim Walton","$70.0B","+$1.59B","+$5.51B","United States","Retail"
17,"Rob Walton","$69.2B","+$1.56B","+$5.12B","United States","Retail"
18,"Alice Walton","$67.6B","+$1.54B","+$5.00B","United States","Retail"
19,"Charles Koch","$59.6B","+$267M","-$1.63B","United States","Industrial"
20,"Julia Flesher Koch & family","$59.6B","+$267M","-$1.63B","United States","Industrial"
21,"Jacqueline Badger Mars","$51.6B","+$119M","+$402M","United States","Food & Beverage"
22,"John Mars","$51.6B","+$119M","+$402M","United States","Food & Beverage"
23,"Michael Dell","$51.0B","+$579M","-$3.96B","United States","Technology"
24,"Phil Knight & family","$50.1B","+$759M","-$12.1B","United States","Consumer"
25,"MacKenzie Scott","$48.5B","+$1.65B","-$7.78B","United States","Technology"
26,"Amancio Ortega","$47.4B","+$433M","-$20.1B","Spain","Retail"
27,"Zhang Yiming","$44.5B","$0","$0","China","Technology"
28,"Zeng Yuqun","$42.0B","-$553M","-$11.2B","Hong Kong","Industrial"
29,"Francois Pinault","$39.7B","+$552M","-$13.0B","France","Consumer"
30,"Klaus-Michael Kuehne","$39.6B","+$340M","-$2.18B","Germany","Industrial"
31,"Ma Huateng","$39.0B","+$643M","-$7.87B","China","Technology"
32,"Len Blavatnik","$38.7B","+$505M","-$2.98B","United States","Diversified"
33,"Jack Ma","$36.4B","+$81.7M","-$2.09B","China","Technology"
34,"Stephen Schwarzman","$34.9B","+$788M","-$2.94B","United States","Finance"
35,"Giovanni Ferrero & family","$34.0B","+$315M","-$1.86B","Italy","Food & Beverage"
36,"Changpeng Zhao","$33.6B","+$676M","-$62.2B","Canada","Finance"
37,"Pallonji Mistry","$33.2B","-$202M","-$534M","Ireland","Industrial"
38,"Azim Premji","$33.1B","+$14.1M","-$8.18B","India","Technology"
39,"German Larrea","$31.2B","-$50.8M","+$5.53B","Mexico","Commodities"
40,"Li Ka-shing","$31.0B","+$416M","+$1.72B","Hong Kong","Real Estate"
41,"William Ding","$30.9B","+$1.00B","-$1.74B","China","Technology"
42,"Ken Griffin","$30.5B","+$84.8M","+$9.19B","United States","Finance"
43,"Vladimir Potanin","$28.9B","+$340M","-$1.93B","Russian Federation","Commodities"
44,"Leonardo Del Vecchio","$28.7B","+$296M","-$5.76B","Italy","Consumer"
45,"Leonard Lauder","$28.3B","+$364M","-$9.28B","United States","Consumer"
46,"Shiv Nadar","$28.0B","-$113M","-$4.59B","India","Technology"
47,"Dieter Schwarz","$27.1B","+$272M","-$1.85B","Germany","Retail"
48,"He Xiangjian","$26.1B","-$232M","-$5.33B","China","Consumer"
49,"James Simons","$26.0B","+$175M","+$525M","United States","Finance"
50,"Miriam Adelson","$25.8B","+$528M","-$754M","United States","Entertainment"
51,"Alain Wertheimer","$25.7B","+$294M","-$7.23B","France","Consumer"
52,"Gerard Wertheimer","$25.7B","+$294M","-$7.23B","France","Consumer"
53,"Takemitsu Takizaki","$25.7B","+$652M","-$9.47B","Japan","Technology"
54,"Eric Schmidt","$25.3B","+$353M","-$2.36B","United States","Technology"
55,"Tadashi Yanai","$24.6B","+$589M","-$5.01B","Japan","Retail"
56,"Iris Fontbona & family","$24.6B","+$78.5M","+$4.27B","Chile","Commodities"
57,"Gina Rinehart","$24.2B","+$218M","+$5.39B","Australia","Commodities"
58,"Leonid Mikhelson","$23.9B","+$434M","-$8.52B","Russian Federation","Energy"
59,"Lukas Walton","$23.8B","+$537M","+$1.66B","United States","Retail"
60,"Andrew Forrest","$23.2B","+$145M","+$2.92B","Australia","Commodities"
61,"Carl Icahn","$23.1B","+$181M","+$884M","United States","Diversified"
62,"Thomas Frist","$22.9B","-$106M","-$218M","United States","Health Care"
63,"Lee Shau Kee","$22.8B","+$177M","-$125M","Hong Kong","Real Estate"
64,"Henry Cheng","$22.2B","+$49.3M","-$770M","Hong Kong","Retail"
65,"Abigail Johnson","$22.1B","+$42.3M","-$3.90B","United States","Finance"
66,"Alexey Mordashov","$21.8B","+$117M","-$7.05B","Russian Federation","Industrial"
67,"Vladimir Lisin","$21.7B","+$288M","-$6.32B","Russian Federation","Industrial"
68,"Jorge Paulo Lemann","$21.6B","+$157M","+$79.1M","Brazil","Food & Beverage"
69,"Radhakishan Damani","$21.4B","+$25.3M","-$3.22B","India","Retail"
70,"Dan Gilbert","$21.2B","+$121M","-$5.35B","United States","Real Estate"
71,"Qin Yinglin","$20.7B","-$612M","+$28.4M","China","Food & Beverage"
72,"Thomas Peterffy","$20.7B","+$214M","-$4.11B","United States","Finance"
73,"Ernesto Bertarelli & family","$20.6B","-$15.8k","-$592M","Switzerland","Diversified"
74,"Jensen Huang","$20.5B","+$614M","-$6.44B","United States","Technology"
75,"Sam Bankman-Fried","$20.5B","+$805M","+$4.28B","United States","Finance"
76,"Elaine Marshall","$20.5B","+$109M","-$566M","United States","Industrial"
77,"Andrey Melnichenko","$20.2B","+$691M","+$2.69B","Russian Federation","Industrial"
78,"Harold Hamm","$20.1B","+$738M","+$6.40B","United States","Energy"
79,"Wang Chuan-Fu","$20.0B","-$101M","-$2.57B","China","Consumer"
80,"Aliko Dangote","$20.0B","+$38.6M","+$914M","Nigeria","Industrial"
81,"Lakshmi Mittal","$19.8B","+$240M","-$615M","India","Commodities"
82,"Yang Huiyan","$19.8B","-$47.5M","-$3.90B","China","Real Estate"
83,"Susanne Klatten","$19.7B","+$183M","-$3.49B","Germany","Industrial"
84,"Guillaume Pousaz","$19.4B","$0","+$11.7B","Switzerland","Technology"
85,"Budi Hartono","$19.2B","+$37.6M","+$990M","Indonesia","Diversified"
86,"Alisher Usmanov","$19.1B","+$93.0M","-$2.13B","Russian Federation","Diversified"
87,"Donald Bren","$19.1B","$0","+$1.43B","United States","Real Estate"
88,"Huang Shilin","$19.0B","-$248M","-$3.67B","China","Industrial"
89,"Peter Woo","$18.6B","-$19.0M","-$263M","Hong Kong","Real Estate"
90,"John Menard","$18.6B","+$237M","-$7.09B","United States","Retail"
91,"Wang Wenyin","$18.4B","+$524M","+$3.68B","China","Commodities"
92,"Li Xiting","$18.3B","+$52.9M","-$3.18B","Singapore","Health Care"
93,"Pang Kang","$18.2B","-$17.9M","-$4.12B","China","Food & Beverage"
94,"Robert Kuok","$18.2B","+$50.5M","-$36.3M","Malaysia","Diversified"
95,"Jiang Rensheng","$18.2B","-$570M","+$1.32B","China","Health Care"
96,"Donald Newhouse","$18.1B","+$345M","-$689M","United States","Media & Telecom"
97,"Michael Hartono","$18.1B","+$39.9M","+$955M","Indonesia","Diversified"
98,"Stefan Quandt","$18.0B","+$144M","-$3.17B","Germany","Industrial"
99,"Vagit Alekperov","$18.0B","+$282M","-$3.76B","Russian Federation","Energy"
100,"Wang Wei","$17.7B","+$59.6M","-$5.50B","China","Services"
101,"Laurene Powell Jobs","$17.7B","+$175M","-$900M","United States","Media & Telecom"
102,"Dietrich Mateschitz","$16.9B","+$425M","+$635M","Austria","Food & Beverage"
103,"Scott Farquhar","$16.8B","+$684M","-$5.75B","Australia","Technology"
104,"Mike Cannon-Brookes","$16.8B","+$684M","-$5.75B","Australia","Technology"
105,"Masayoshi Son","$16.7B","+$261M","-$3.40B","Japan","Technology"
106,"Gustaf Douglas & family","$16.6B","+$36.8M","-$5.05B","Sweden","Diversified"
107,"Dustin Moskovitz","$16.5B","+$210M","-$7.17B","United States","Technology"
108,"Cyrus Poonawalla","$16.5B","+$136M","+$505M","India","Health Care"
109,"Eyal Ofer","$16.5B","+$30.1M","+$48.8M","Israel","Services"
110,"Alwaleed Bin Talal","$16.5B","+$76.6M","-$389M","Saudi Arabia","Diversified"
111,"Viktor Vekselberg","$16.4B","+$38.2M","-$2.13B","Russian Federation","Industrial"
112,"Vicky Safra","$16.3B","$0","+$150M","Greece","Finance"
113,"Zhang Zhidong","$16.2B","+$294M","-$3.48B","China","Technology"
114,"David Tepper","$16.2B","+$50.0M","+$1.32B","United States","Finance"
115,"Dilip Shanghvi","$16.2B","+$271M","+$1.45B","India","Health Care"
116,"Ray Dalio","$16.1B","$0","+$510M","United States","Finance"
117,"Charoen Sirivadhanabhakdi","$16.0B","+$77.1M","+$1.58B","Thailand","Food & Beverage"
118,"Stefan Persson","$15.6B","-$55.8M","-$5.21B","Sweden","Retail"
119,"Xu Hang","$15.6B","+$44.9M","-$2.70B","Hong Kong","Health Care"
120,"Andreas Struengmann","$15.5B","+$633M","-$4.79B","Germany","Health Care"
121,"Thomas Struengmann","$15.5B","+$608M","-$4.81B","Germany","Health Care"
122,"Colin Huang","$15.5B","+$860M","-$5.07B","China","Technology"
123,"James Dyson","$15.5B","-$367M","-$7.09B","United Kingdom","Consumer"
124,"Savitri Jindal","$15.1B","-$88.0M","+$1.81B","India","Commodities"
125,"Wu Yajun","$15.1B","+$147M","+$1.85B","China","Real Estate"
126,"Zhang Bo","$15.0B","+$349M","+$1.48B","China","Industrial"
127,"Li Shu Fu","$14.9B","+$49.9M","-$10.8B","China","Industrial"
128,"Lui Che-Woo","$14.7B","+$64.0M","+$1.04B","Hong Kong","Entertainment"
129,"Uday Kotak","$14.6B","-$142M","-$346M","India","Finance"
130,"Suleiman Kerimov","$14.3B","+$38.1M","-$878M","Russian Federation","Commodities"
131,"Jay Chaudhry","$14.1B","+$1.03B","-$4.51B","United States","Technology"
132,"Dave Duffield","$14.0B","+$156M","-$2.52B","United States","Technology"
133,"Roman Abramovich","$14.0B","+$83.8M","-$4.00B","Russian Federation","Diversified"
134,"Liu Yongxing","$13.9B","+$439M","+$1.18B","China","Industrial"
135,"Charlene de Carvalho-Heineken","$13.9B","+$20.1M","-$2.32B","Netherlands","Food & Beverage"
136,"Charles Schwab","$13.9B","+$460M","-$161M","United States","Finance"
137,"Sherry Brydson","$13.9B","+$327M","-$648M","Canada","Media & Telecom"
138,"Jan Koum","$13.8B","+$125M","+$75.0M","United States","Technology"
139,"Mikhail Prokhorov","$13.7B","+$29.7M","-$244M","Russian Federation","Diversified"
140,"Karl Albrecht Jr","$13.7B","+$72.7M","-$1.37B","Germany","Retail"
141,"Beate Heister","$13.7B","+$72.7M","-$1.37B","Germany","Retail"
142,"Jeffery Hildebrand","$13.6B","+$240M","+$7.13B","United States","Energy"
143,"Richard Liu","$13.5B","+$398M","-$2.42B","China","Technology"
144,"Brian Chesky","$13.4B","+$911M","+$661M","United States","Services"
145,"Philip Anschutz","$13.3B","+$20.9M","-$1.19B","United States","Diversified"
146,"Kumar Birla","$13.3B","+$35.1M","+$907M","India","Industrial"
147,"David Geffen","$13.3B","+$150M","-$458M","United States","Entertainment"
148,"Gennady Timchenko","$13.2B","+$279M","-$9.28B","Russian Federation","Diversified"
149,"Robert Pera","$12.9B","+$290M","-$469M","United States","Technology"
150,"Hugh Grosvenor","$12.9B","$0","$0","United Kingdom","Real Estate"
151,"Hasso Plattner","$12.9B","-$28.7M","-$3.10B","Germany","Technology"
152,"Marijke Mars","$12.8B","+$29.7M","+$100M","United States","Food & Beverage"
153,"Victoria Mars","$12.8B","+$29.7M","+$100M","United States","Food & Beverage"
154,"Pamela Mars-Wright","$12.8B","+$29.7M","+$100M","United States","Food & Beverage"
155,"Valerie Mars","$12.8B","+$29.7M","+$100M","United States","Food & Beverage"
156,"Jim Goodnight","$12.8B","+$152M","-$2.77B","United States","Technology"
157,"Michael Platt","$12.8B","+$75.0M","+$2.11B","United Kingdom","Finance"
158,"Ricardo Salinas","$12.8B","+$38.7M","-$2.12B","Mexico","Diversified"
159,"Sarath Ratanavadi","$12.8B","+$8.06M","+$786M","Thailand","Energy"
160,"Dang Yanbao","$12.7B","-$297M","-$1.77B","China","Energy"
161,"Paolo Rocca & family","$12.6B","+$215M","+$1.54B","Italy","Commodities"
162,"Stan Kroenke","$12.5B","$0","+$1.33B","United States","Real Estate"
163,"Fan Hongwei","$12.5B","-$592M","-$453M","China","Energy"
164,"Lv Xiang-yang","$12.4B","-$33.4M","-$1.62B","China","Consumer"
165,"Sunil Mittal","$12.2B","-$8.50M","+$731M","India","Media & Telecom"
166,"Goh Cheng Liang","$12.1B","+$273M","-$2.83B","Singapore","Industrial"
167,"Chen Bang","$12.0B","+$195M","-$3.07B","China","Health Care"
168,"Reinhold Wuerth","$12.0B","+$161M","-$2.53B","Germany","Industrial"
169,"Steve Cohen","$11.9B","+$2.94M","+$880M","United States","Finance"
170,"Vyacheslav Kantor","$11.9B","+$506M","+$2.86B","Russian Federation","Industrial"
171,"Nathan Blecharczyk","$11.8B","+$767M","+$975M","United States","Services"
172,"Izzy Englander","$11.8B","+$31.4M","+$2.08B","United States","Finance"
173,"Alejandro Santo Domingo & family","$11.8B","+$63.1M","-$499k","Colombia","Food & Beverage"
174,"Melker Schorling","$11.7B","+$24.8M","-$1.81B","Sweden","Diversified"
175,"Eduardo Saverin","$11.7B","+$45.4M","-$6.49B","Brazil","Technology"
176,"Melinda French Gates","$11.7B","+$150M","+$241M","United States","Diversified"
177,"Joe Gebbia","$11.7B","+$797M","+$158M","United States","Services"
178,"Pei Zhenhua","$11.7B","-$135M","-$2.31B","China","Industrial"
179,"Wang Xing","$11.6B","+$84.2M","-$5.47B","China","Technology"
180,"Lei Jun","$11.5B","+$61.1M","-$5.41B","China","Technology"
181,"Gong Hongjia","$11.4B","+$53.6M","-$1.75B","China","Technology"
182,"Antonia Axson Johnson","$11.4B","-$52.5M","-$230M","Sweden","Industrial"
183,"Patrick Collison","$11.4B","$0","$0","Ireland","Technology"
184,"John Collison","$11.4B","$0","$0","Ireland","Technology"
185,"Jerry Jones","$11.3B","+$229M","+$1.98B","United States","Entertainment"
186,"Zhang Congyuan","$11.3B","-$86.2M","-$2.84B","Taiwan","Industrial"
187,"Leon Black","$11.2B","+$243M","-$1.62B","United States","Finance"
188,"Mikhail Fridman","$11.2B","+$3.15M","-$2.79B","Russian Federation","Diversified"
189,"Christy Walton","$11.0B","+$267M","+$814M","United States","Retail"
190,"Charles Ergen","$10.9B","+$131M","-$173M","United States","Media & Telecom"
191,"Jorge Moll & family","$10.9B","-$254M","+$1.59B","Brazil","Health Care"
192,"Raymond Kwok","$10.9B","+$13.6M","-$121M","Hong Kong","Real Estate"
193,"Jim Ratcliffe","$10.8B","+$57.0M","-$1.67B","United Kingdom","Industrial"
194,"Micky Arison","$10.8B","+$85.7M","-$377M","United States","Entertainment"
195,"Wei Jianjun","$10.8B","+$19.9M","-$9.29B","China","Consumer"
196,"Johann Rupert & family","$10.7B","-$130M","-$1.29B","South Africa","Diversified"
197,"Anthony Pratt","$10.6B","+$133M","+$1.75B","Australia","Industrial"
198,"Harry Triguboff","$10.6B","$0","-$110M","Australia","Real Estate"
199,"Charles Butt & family","$10.6B","-$248M","+$1.26B","United States","Retail"
200,"Dmitry Rybolovlev","$10.6B","+$25.0M","-$444M","Russian Federation","Diversified"
201,"Michael Kadoorie","$10.5B","+$30.9M","+$35.9M","Hong Kong","Energy"
202,"Thomas Kwok","$10.5B","+$14.2M","-$129M","Hong Kong","Real Estate"
203,"Victor Rashnikov","$10.5B","+$114M","-$3.75B","Russian Federation","Industrial"
204,"John Fredriksen","$10.5B","+$145M","+$1.13B","Cyprus","Industrial"
205,"Wee Cho Yaw","$10.4B","-$20.0M","+$857M","Singapore","Finance"
206,"George Roberts","$10.4B","+$136M","-$1.63B","United States","Finance"
207,"Gianluigi Aponte","$10.3B","$0","$0","Switzerland","Services"
208,"Li Zhenguo","$10.3B","-$30.3M","-$3.05B","China","Energy"
209,"Gordon Moore","$10.2B","+$106M","-$734M","United States","Technology"
210,"Leo Koguan","$10.2B","+$288M","-$487M","United States","Technology"
211,"Steven Rales","$10.2B","+$116M","-$1.91B","United States","Industrial"
212,"Marcel Telles","$10.2B","+$68.5M","+$5.01M","Brazil","Food & Beverage"
213,"Henry Kravis","$10.1B","+$105M","-$1.53B","United States","Finance"
214,"Stan Druckenmiller","$10.1B","$0","-$350M","United States","Finance"
215,"Carl Cook","$10.0B","+$120M","+$345M","United States","Health Care"
216,"John Albert Sobrato","$9.97B","$0","$0","United States","Real Estate"
217,"Tammy Gustavson","$9.96B","+$14.5M","+$507M","United States","Services"
218,"Andy Beal","$9.96B","+$95.2M","+$281M","United States","Finance"
219,"Stefano Pessina","$9.96B","+$78.6M","-$1.07B","Monaco","Retail"
220,"Andy Bechtolsheim","$9.91B","+$211M","-$728M","Germany","Technology"
221,"Robin Li","$9.89B","+$257M","-$987M","China","Technology"
222,"Ma Jianrong","$9.85B","+$51.2M","-$3.53B","China","Consumer"
223,"Liu Yonghao","$9.84B","-$190M","-$419M","China","Diversified"
224,"Lin Jianhua","$9.79B","-$254M","-$3.24B","China","Technology"
225,"Les Wexner","$9.73B","+$11.2M","-$343M","United States","Retail"
226,"Tim Sweeney","$9.65B","$0","+$278M","United States","Technology"
227,"Patrick Soon-Shiong","$9.61B","+$143M","-$333M","United States","Health Care"
228,"Emmanuel Besnier","$9.58B","+$51.0M","-$848M","France","Food & Beverage"
229,"Chase Coleman","$9.53B","+$26.8M","-$1.24B","United States","Finance"
230,"Michael Rubin","$9.44B","$0","+$1.25B","United States","Retail"
231,"K P Singh","$9.42B","-$48.3M","-$128M","India","Real Estate"
232,"Jin Baofang","$9.34B","-$61.8M","-$2.15B","China","Energy"
233,"George Kaiser","$9.29B","+$1.52B","+$4.11B","United States","Energy"
234,"Graeme Hart","$9.18B","-$115M","-$1.06B","New Zealand","Finance"
235,"Samuel Yin","$9.13B","+$12.0M","+$201M","Taiwan","Diversified"
236,"Blair Parry-Okeden","$9.12B","+$61.5M","+$218M","United States","Media & Telecom"
237,"Jim Kennedy","$9.12B","+$61.5M","+$218M","United States","Media & Telecom"
238,"Ivan Glasenberg","$9.12B","+$153M","+$2.25B","Australia","Commodities"
239,"Theo Albrecht Jr","$9.10B","-$34.7M","-$373M","Germany","Retail"
240,"Hansjoerg Wyss","$9.02B","+$84.0M","+$195M","Switzerland","Health Care"
241,"Rupert Murdoch","$9.00B","+$114M","+$117M","United States","Media & Telecom"
242,"Cai Kui","$8.96B","+$78.9M","+$968M","China","Real Estate"
243,"Richard Kinder","$8.93B","+$88.6M","+$882M","United States","Energy"
244,"Carl Bennet","$8.92B","+$35.8M","-$2.21B","Sweden","Finance"
245,"Qi Shi","$8.92B","-$91.5M","-$3.84B","China","Finance"
246,"Robert Smith","$8.90B","$0","$0","United States","Finance"
247,"Laurent Dassault","$8.85B","+$23.6M","-$1.53B","France","Diversified"
248,"Marie-Helene Habert-Dassault","$8.85B","+$23.6M","-$1.52B","France","Diversified"
249,"Thierry Dassault","$8.85B","+$23.6M","-$1.52B","France","Diversified"
250,"John Malone","$8.84B","+$93.6M","-$457M","United States","Media & Telecom"
251,"Andrey Guryev","$8.73B","+$454M","+$825M","Russian Federation","Industrial"
252,"Carlos Sicupira","$8.68B","+$84.0M","-$120M","Brazil","Food & Beverage"
253,"Sun Piaoyang","$8.66B","-$9.60M","-$3.87B","China","Health Care"
254,"Patrick Drahi","$8.63B","+$10.8M","-$584M","France","Media & Telecom"
255,"Jude Reyes","$8.63B","+$138M","-$1.24B","United States","Consumer"
256,"Chris Reyes","$8.63B","+$138M","-$1.24B","United States","Consumer"
257,"Natie Kirsh","$8.58B","+$5.34M","+$310M","South Africa","Food & Beverage"
258,"Brian Kim","$8.58B","+$178M","-$1.34B","Korea, Republic of","Technology"
259,"Taylor Thomson","$8.57B","+$184M","-$420M","Canada","Media & Telecom"
260,"Peter Thomson","$8.57B","+$184M","-$420M","Canada","Media & Telecom"
261,"David Thomson","$8.57B","+$181M","-$419M","Canada","Media & Telecom"
262,"Nicky Oppenheimer","$8.55B","+$125M","+$600M","South Africa","Diversified"
263,"Ernie Garcia","$8.53B","+$230M","-$6.33B","United States","Consumer"
264,"Niels Louis-Hansen","$8.51B","-$17.2M","-$1.38B","Denmark","Health Care"
265,"James Pattison","$8.47B","+$114M","-$200M","Canada","Media & Telecom"
266,"Liu Hanyuan","$8.46B","-$74.9M","-$1.18B","China","Industrial"
267,"Anders Holch Povlsen & family","$8.44B","-$24.3M","-$2.16B","Denmark","Retail"
268,"Reinhold Schmieding","$8.42B","+$49.4M","-$254M","United States","Health Care"
269,"Xavier Niel","$8.41B","+$24.1M","+$109M","France","Technology"
270,"Magdalena Martullo","$8.40B","-$55.9M","-$1.48B","Switzerland","Industrial"
271,"Stephen Ross","$8.39B","$0","$0","United States","Real Estate"
272,"Marc Benioff","$8.37B","+$54.5M","-$1.76B","United States","Technology"
273,"Manuel Villar","$8.35B","-$166M","+$1.03B","Philippines","Diversified"
274,"Chris Hohn","$8.35B","+$4.28M","+$1.37B","United Kingdom","Finance"
275,"Juan Beckmann Vidal & family","$8.30B","+$203M","-$248M","Mexico","Food & Beverage"
276,"Peter Thiel","$8.27B","+$88.8M","-$860M","United States","Finance"
277,"Luo Liguo","$8.21B","-$211M","-$4.24B","China","Industrial"
278,"Idan Ofer","$8.21B","+$85.7M","+$991M","Israel","Energy"
279,"Dietmar Hopp","$8.15B","+$44.2M","-$2.10B","Germany","Technology"
280,"Rahel Blocher","$8.12B","-$55.9M","-$1.46B","Switzerland","Industrial"
281,"David Sun","$8.11B","+$131M","-$1.68B","United States","Technology"
282,"John Tu","$8.11B","+$131M","-$1.68B","United States","Technology"
283,"Nusli Wadia","$8.07B","+$8.26M","-$807M","India","Diversified"
284,"Kenneth Dart","$8.06B","+$54.2M","+$1.40B","Cayman Islands","Finance"
285,"Jack Dorsey","$8.03B","+$204M","-$1.71B","United States","Technology"
286,"Mitchell Rales","$7.96B","+$79.2M","-$1.68B","United States","Industrial"
287,"Liu Jincheng","$7.95B","-$35.6M","-$4.95B","China","Industrial"
288,"Andre Hoffmann","$7.94B","+$63.1M","+$87.3M","Switzerland","Health Care"
289,"Terry Pegula","$7.89B","+$50.0M","-$79.1M","United States","Energy"
290,"Ronda Stryker","$7.86B","+$29.1M","-$131M","United States","Health Care"
291,"Frank Lowy","$7.85B","+$25.0M","+$200M","Australia","Real Estate"
292,"Dennis Washington","$7.82B","+$74.0M","-$246M","United States","Industrial"
293,"Rocco Commisso","$7.82B","+$59.8M","-$1.35B","United States","Media & Telecom"
294,"Ugur Sahin","$7.81B","+$427M","-$3.46B","Germany","Health Care"
295,"Gwendolyn Sontheim Meyer","$7.79B","+$25.0M","+$1.25B","United States","Commodities"
296,"Pauline Keinath","$7.79B","+$25.0M","+$1.25B","United States","Commodities"
297,"Nancy Laurie","$7.75B","+$161M","+$477M","United States","Retail"
298,"Shari Arison","$7.74B","+$17.9M","-$306M","Israel","Diversified"
299,"Teh Hong Piow","$7.73B","+$27.4M","+$497M","Malaysia","Finance"
300,"Steven Spielberg","$7.73B","+$25.0M","-$375M","United States","Entertainment"
301,"Dannine Avara","$7.70B","+$67.7M","+$735M","United States","Energy"
302,"Scott Duncan","$7.70B","+$67.7M","+$735M","United States","Energy"
303,"Benu Bangur","$7.70B","+$76.6M","-$652M","India","Commodities"
304,"Randa Williams","$7.70B","+$67.7M","+$726M","United States","Energy"
305,"George Lucas","$7.69B","+$57.1M","-$885M","United States","Entertainment"
306,"Luis Sarmiento","$7.67B","-$22.9M","-$229M","Colombia","Finance"
307,"Milane Frantz","$7.67B","+$67.4M","+$720M","United States","Energy"
308,"Silvio Berlusconi","$7.66B","+$91.0M","-$1.11B","Italy","Media & Telecom"
309,"Gabe Newell","$7.62B","-$6.86M","+$309M","United States","Technology"
310,"German Khan","$7.62B","+$21.0M","-$1.88B","Russian Federation","Diversified"
311,"Xu Shihui","$7.61B","+$73.3M","-$102M","China","Food & Beverage"
312,"Lin Li","$7.60B","-$177M","-$965M","China","Diversified"
313,"Pierre Omidyar","$7.59B","-$26.3M","-$2.29B","United States","Technology"
314,"Yao Liangsong","$7.57B","-$90.2M","-$1.94B","China","Retail"
315,"Henry Samueli","$7.55B","+$94.4M","-$677M","United States","Technology"
316,"Wang Jianlin","$7.54B","+$91.0M","-$824M","China","Real Estate"
317,"Josh Harris","$7.54B","+$111M","-$432M","United States","Finance"
318,"George Soros","$7.50B","$0","$0","United States","Finance"
319,"Jay Y. Lee","$7.50B","+$156M","-$946M","Korea, Republic of","Diversified"
320,"Ralph Lauren","$7.49B","+$46.3M","-$482M","United States","Consumer"
321,"Stef Wertheimer","$7.48B","+$50.0M","-$25.0M","Israel","Diversified"
322,"Vera Michalski-Hoffmann","$7.41B","+$63.1M","+$112M","Switzerland","Health Care"
323,"Maja Hoffmann","$7.41B","+$63.1M","+$112M","Switzerland","Health Care"
324,"Zhong Huijuan","$7.39B","-$11.0M","-$3.14B","China","Health Care"
325,"Wang Liping","$7.37B","-$116M","-$4.35B","China","Industrial"
326,"Yu Yong","$7.33B","+$175M","-$799M","China","Finance"
327,"Heinrich Deichmann & family","$7.32B","+$96.6M","-$2.02B","Germany","Retail"
328,"Patrick Ryan","$7.32B","+$153M","-$152M","United States","Services"
329,"Li Ge","$7.31B","-$233M","-$1.37B","United States","Health Care"
330,"Alexander Abramov","$7.30B","+$18.4M","-$1.79B","Russian Federation","Industrial"
331,"Tito Beveridge","$7.26B","+$41.8M","-$1.03B","United States","Consumer"
332,"Wu Shaoxun","$7.26B","-$3.39M","-$1.05B","China","Food & Beverage"
333,"Frederik Paulsen","$7.24B","+$8.27M","-$992M","Sweden","Health Care"
334,"Li Ping","$7.24B","-$95.0M","-$1.89B","China","Industrial"
335,"Bobby Murphy","$7.22B","+$219M","-$2.44B","United States","Technology"
336,"David Shaw","$7.21B","+$32.2M","-$143M","United States","Finance"
337,"Peter-Alexander Wacker & family","$7.21B","+$236M","+$1.18B","Germany","Industrial"
338,"Bob Rich","$7.19B","+$57.0M","-$323M","United States","Food & Beverage"
339,"Anthony von Mandl","$7.18B","+$34.0M","-$770M","Canada","Consumer"
340,"Pham Nhat Vuong","$7.18B","+$89.2M","-$1.34B","Viet Nam","Real Estate"
341,"Ding Shizhong","$7.17B","-$119M","-$1.85B","China","Consumer"
342,"Tom Gores","$7.14B","$0","-$100M","United States","Finance"
343,"Martin Viessmann & family","$7.13B","+$120M","-$2.10B","Germany","Industrial"
344,"David Velez","$7.10B","+$109M","-$2.20B","Colombia","Finance"
345,"Ashwin Dani & family","$7.07B","-$103M","-$453M","India","Industrial"
346,"Johan Johannson & family","$7.07B","-$64.5M","+$276M","Norway","Retail"
347,"Shahid Khan","$7.06B","-$51.3M","-$1.10B","United States","Consumer"
348,"Lynn Schusterman","$7.04B","+$79.3M","-$92.9M","United States","Energy"
349,"Tsai Eng-Meng","$7.01B","-$113M","-$344M","Taiwan","Food & Beverage"
350,"Evan Spiegel","$6.99B","+$189M","-$2.12B","United States","Technology"
351,"Edward Roski","$6.97B","$0","-$25.0M","United States","Real Estate"
352,"Simon Reuben","$6.95B","+$50.0M","-$50.0M","United Kingdom","Diversified"
353,"David Reuben","$6.95B","+$50.0M","-$50.0M","United Kingdom","Diversified"
354,"Tom Morris","$6.93B","+$103M","+$28.0M","United Kingdom","Retail"
355,"Jorn Rausing","$6.93B","+$53.8M","-$439M","Sweden","Services"
356,"Dan Cathy","$6.91B","+$60.3M","-$340M","United States","Food & Beverage"
357,"Bubba Cathy","$6.91B","+$60.3M","-$340M","United States","Food & Beverage"
358,"John Grayken","$6.90B","+$47.8M","-$3.63B","Ireland","Finance"
359,"Cao Renxian","$6.87B","-$94.5M","-$3.57B","China","Technology"
360,"Ding Shijia","$6.86B","-$114M","-$1.77B","China","Consumer"
361,"Elizabeth Johnson","$6.82B","+$16.5M","-$1.16B","United States","Finance"
362,"Ned Johnson IV","$6.82B","+$15.9M","-$1.16B","United States","Finance"
363,"Laurence Graff","$6.81B","+$117M","-$1.46B","United Kingdom","Consumer"
364,"Wang Laisheng","$6.81B","-$94.0M","-$3.82B","China","Industrial"
365,"Chen Jianhua","$6.80B","-$184M","-$1.06B","China","Industrial"
366,"Takahisa Takahara","$6.78B","-$48.1M","-$1.62B","Japan","Consumer"
367,"Forrest Li","$6.77B","+$260M","-$6.59B","Singapore","Technology"
368,"Jim Davis","$6.76B","+$62.7M","-$4.11B","United States","Consumer"
369,"Ann Kroenke","$6.75B","+$159M","+$525M","United States","Retail"
370,"Ronald McAulay","$6.74B","+$20.3M","-$44.8M","Hong Kong","Energy"
371,"Linda Campbell","$6.73B","+$129M","-$334M","Canada","Media & Telecom"
372,"Gaye Farncombe","$6.73B","+$129M","-$334M","Canada","Media & Telecom"
373,"John Doerr","$6.69B","+$103M","-$684M","United States","Finance"
374,"Iskandar Makhmudov","$6.69B","+$272M","-$1.20B","Russian Federation","Commodities"
375,"Axel Oberwelland","$6.69B","-$137M","-$797M","Germany","Food & Beverage"
376,"Nik Storonsky","$6.69B","$0","$0","United Kingdom","Finance"
377,"Robert Kraft","$6.67B","+$794k","+$15.8M","United States","Entertainment"
378,"Nassef Sawiris","$6.66B","+$22.7M","+$156M","Egypt","Industrial"
379,"Leonid Fedun","$6.65B","+$118M","-$1.84B","Russian Federation","Energy"
380,"Li Shuirong","$6.63B","-$185M","-$1.57B","China","Energy"
381,"J K Irving","$6.58B","+$16.5M","-$197M","Canada","Commodities"
382,"Chip Wilson","$6.57B","+$211M","-$46.1M","Canada","Retail"
383,"Geoffrey Kwok","$6.56B","+$16.6M","-$62.8M","Hong Kong","Real Estate"
384,"Jian Jun","$6.54B","-$93.8M","-$580M","China","Consumer"
385,"Vincent Bollore","$6.54B","-$25.3M","-$1.69B","France","Diversified"
386,"Joseph Lau","$6.52B","+$7.19M","-$35.3M","Hong Kong","Real Estate"
387,"Andreas Halvorsen","$6.51B","+$5.27M","+$475M","Norway","Finance"
388,"Herbert Kohler Jr & family","$6.49B","$0","-$3.04B","United States","Consumer"
389,"Mahendra Choksi & family","$6.43B","-$92.0M","-$716M","India","Industrial"
390,"John Sall","$6.41B","+$76.0M","-$1.38B","United States","Technology"
391,"Joseph Tsai","$6.41B","+$11.5M","-$672M","Canada","Technology"
392,"Arthur Irving","$6.40B","+$154M","+$1.45B","Canada","Energy"
393,"Ludwig Merckle","$6.39B","+$67.6M","-$823M","Germany","Industrial"
394,"Leonard Stern","$6.36B","+$50.0M","+$107M","United States","Real Estate"
395,"Mohammed Al Amoudi","$6.35B","+$64.6M","-$359M","Saudi Arabia","Energy"
396,"Alain Merieux","$6.33B","+$194M","-$1.95B","France","Health Care"
397,"Mark Shoen","$6.33B","+$5.62M","-$1.22B","United States","Services"
398,"Henry Laufer","$6.33B","+$50.0M","+$150M","United States","Finance"
399,"Wang Yusuo","$6.32B","+$12.5M","-$1.94B","China","Energy"
400,"Barry Lam","$6.28B","+$129M","-$498M","Taiwan","Technology"
401,"Charles Cadogan","$6.27B","+$25.0M","$0","United Kingdom","Real Estate"
402,"Lu Weiding","$6.26B","-$53.8M","-$793M","China","Diversified"
403,"Jon Gray","$6.25B","+$123M","-$531M","United States","Finance"
404,"Michael Smith","$6.23B","$0","$0","United States","Energy"
405,"Tony Ressler","$6.22B","+$168M","-$141M","United States","Finance"
406,"Wang Laichun","$6.21B","-$119M","-$3.82B","China","Industrial"
407,"Liz Mohn","$6.20B","-$2.30M","-$1.58B","Germany","Media & Telecom"
408,"Joe Lewis","$6.18B","+$21.2M","-$74.8M","United Kingdom","Diversified"
409,"Hui Ka Yan","$6.16B","+$24.7M","+$2.44M","China","Real Estate"
410,"Sandra Ortega Mera","$6.15B","+$71.7M","-$1.75B","Spain","Retail"
411,"Sam Zell","$6.11B","+$46.1M","-$164M","United States","Real Estate"
412,"Kjell Inge Rokke","$6.10B","+$175M","+$179M","Norway","Industrial"
413,"Pat Stryker","$6.10B","+$41.8M","-$157M","United States","Health Care"
414,"Richard LeFrak","$6.10B","+$32.2M","+$337M","United States","Real Estate"
415,"Fredrik Lundberg","$6.09B","+$28.7M","-$580M","Sweden","Real Estate"
416,"Eric Smidt","$6.09B","+$63.0M","-$294M","United States","Retail"
417,"Trevor Rees-Jones","$6.08B","+$76.6M","+$467M","United States","Energy"
418,"Pedro Moreira Salles","$6.06B","+$25.7M","+$967M","Brazil","Finance"
419,"Odd Reitan","$6.06B","-$70.7M","+$255M","Norway","Food & Beverage"
420,"Katharine Rayner","$6.04B","+$24.1M","+$144M","United States","Media & Telecom"
421,"Margaretta Taylor","$6.03B","+$24.1M","+$144M","United States","Media & Telecom"
422,"James Cox Chambers","$6.03B","+$24.1M","+$144M","United States","Media & Telecom"
423,"Finn Rausing","$6.02B","+$74.7M","+$140M","Sweden","Services"
424,"Kirsten Rausing","$6.02B","+$74.7M","+$140M","Sweden","Services"
425,"David Cheriton","$5.99B","+$117M","-$259M","Canada","Technology"
426,"Brian Armstrong","$5.99B","+$187M","-$3.70B","United States","Technology"
427,"Rinat Akhmetov","$5.99B","+$66.9M","-$5.68B","Ukraine","Industrial"
428,"Terry Gou","$5.98B","+$98.1M","-$259M","Taiwan","Industrial"
429,"Eric Yuan","$5.98B","+$380M","-$3.16B","United States","Technology"
430,"Cheng Xue","$5.97B","-$5.92M","-$1.37B","China","Food & Beverage"
431,"Kwon Hyuk-Bin","$5.97B","+$95.1M","+$1.48B","Korea, Republic of","Media & Telecom"
432,"Enrique Razon","$5.96B","+$43.9M","+$193M","Philippines","Services"
433,"Clive Calder","$5.95B","+$25.0M","+$50.0M","United Kingdom","Entertainment"
434,"Alain Bouchard","$5.93B","+$63.5M","+$435M","Canada","Retail"
435,"Qian Dongqi","$5.93B","-$89.4M","-$3.15B","China","Technology"
436,"Ruan Liping","$5.91B","+$75.2M","-$1.43B","China","Industrial"
437,"Jean-Michel Besnier","$5.91B","+$31.5M","-$523M","France","Food & Beverage"
438,"Cliff Obrecht","$5.89B","$0","$0","Australia","Services"
439,"Melanie Perkins","$5.89B","$0","$0","Australia","Services"
440,"Ruan Xueping","$5.89B","+$75.2M","-$1.43B","China","Industrial"
441,"Johann Graf","$5.88B","+$83.8M","-$2.11B","Austria","Entertainment"
442,"Mark Cuban","$5.88B","+$25.0M","-$125M","United States","Technology"
443,"Jeff Skoll","$5.88B","+$50.0M","+$78.4M","United States","Technology"
444,"Bidzina Ivanishvili","$5.87B","+$25.0M","-$175M","Georgia","Diversified"
445,"Shigenobu Nagamori","$5.81B","+$168M","-$3.22B","Japan","Industrial"
446,"Marc Rowan","$5.80B","+$104M","-$590M","United States","Finance"
447,"Zhou Qunfei","$5.80B","-$148M","-$6.12B","China","Technology"
448,"Jane Lauder","$5.79B","+$77.4M","-$2.07B","United States","Consumer"
449,"Gary Rollins","$5.79B","+$36.1M","+$689M","United States","Industrial"
450,"Prajogo Pangestu","$5.79B","-$79.7M","+$662M","Indonesia","Energy"
451,"Ted Lerner","$5.78B","$0","+$255M","United States","Real Estate"
452,"Gao Jifan","$5.76B","-$143M","-$3.68B","China","Energy"
453,"Alexander Otto","$5.76B","-$40.1M","-$708M","Germany","Real Estate"
454,"Francis Choi","$5.76B","-$2.26M","+$77.7M","Hong Kong","Real Estate"
455,"Lai Meisong","$5.74B","+$139M","-$428M","China","Services"
456,"Miuccia Prada","$5.73B","+$278M","-$200M","Italy","Consumer"
457,"Bernie Marcus","$5.73B","+$50.0M","-$75.0M","United States","Retail"
458,"Joao Moreira Salles","$5.71B","+$25.0M","+$972M","Brazil","Finance"
459,"Patrizio Bertelli","$5.71B","+$278M","-$200M","Italy","Consumer"
460,"Wu Jianshu","$5.70B","-$1.01M","-$341M","Hong Kong","Industrial"
461,"Walther Moreira Salles Jr","$5.69B","+$954k","+$948M","Brazil","Finance"
462,"Fernando Moreira Salles","$5.69B","-$13.4k","+$947M","Brazil","Finance"
463,"Woody Johnson","$5.69B","+$26.2M","+$395M","United States","Diversified"
464,"Vladimir Kim","$5.68B","+$52.9M","-$136M","Kazakhstan","Commodities"
465,"Michael Otto","$5.67B","-$98.3M","-$1.95B","Germany","Retail"
466,"Alexey Kuzmichev","$5.64B","+$16.3M","-$1.53B","Russian Federation","Diversified"
467,"Charles Dolan & family","$5.63B","+$27.8M","+$61.1M","United States","Media & Telecom"
468,"Kjeld Kirk Kristiansen","$5.61B","+$43.1M","-$974M","Denmark","Consumer"
469,"John Brown","$5.59B","+$26.5M","-$74.8M","United States","Technology"
470,"Falguni Nayar","$5.58B","+$107M","-$997M","India","Retail"
471,"Joe Mansueto","$5.56B","+$228M","-$1.08B","United States","Technology"
472,"Petr Aven","$5.55B","-$2.40M","-$869M","Russian Federation","Diversified"
473,"Prince Hans-Adam II","$5.53B","-$67.2M","-$248M","Liechtenstein","Finance"
474,"Tony James","$5.51B","+$112M","-$373M","United States","Finance"
475,"Sri Prakash Lohia","$5.48B","+$21.2M","+$36.2M","Indonesia","Industrial"
476,"Tobi Lutke","$5.47B","+$113M","-$6.27B","Canada","Technology"
477,"Ray Hunt","$5.46B","+$79.9M","-$322M","United States","Energy"
478,"Marie Besnier Beauvalot","$5.45B","+$29.0M","-$170M","France","Food & Beverage"
479,"Michael Herz & family","$5.44B","+$9.47M","-$54.2M","Germany","Consumer"
480,"Scott Shleifer","$5.44B","+$42.7M","-$70.3M","United States","Finance"
481,"Wolfgang Herz & family","$5.43B","+$9.40M","-$54.2M","Germany","Consumer"
482,"David Filo","$5.43B","+$75.0M","-$75.0M","United States","Technology"
483,"M A Yusuff Ali","$5.42B","-$14.5M","-$532M","United Arab Emirates","Food & Beverage"
484,"Thomas Kirk Kristiansen","$5.41B","+$68.2M","-$949M","Denmark","Consumer"
485,"Sofie Kirk Kristiansen","$5.41B","+$68.1M","-$949M","Denmark","Consumer"
486,"Agnete Kirk Thinggaard","$5.41B","+$68.1M","-$949M","Denmark","Consumer"
487,"Richard Branson","$5.40B","+$12.3M","-$313M","United Kingdom","Diversified"
488,"Quek Leng Chan","$5.37B","+$31.4M","-$122M","Malaysia","Diversified"
489,"Tilman Fertitta","$5.35B","+$100k","-$2.24M","United States","Entertainment"
490,"Cen Junda","$5.33B","-$9.08M","-$3.33B","China","Health Care"
491,"Margot Perot & family","$5.33B","+$50.0M","-$50.0M","United States","Diversified"
492,"Horst Pudwill","$5.32B","+$40.1M","-$2.06B","Germany","Consumer"
493,"Charles Johnson","$5.31B","+$65.9M","-$729M","United States","Finance"
494,"Mary Malone","$5.29B","+$30.3M","+$100M","United States","Food & Beverage"
495,"Mat Ishbia","$5.28B","+$113M","-$1.99B","United States","Finance"
496,"Zhang Lei","$5.27B","+$36.4M","-$1.18B","China","Finance"
497,"Mark Scheinberg","$5.25B","+$50.0M","-$75.0M","Isle of Man","Entertainment"
498,"Zhao Yan","$5.24B","-$126M","-$2.41B","China","Health Care"
499,"Stephane Bancel","$5.23B","+$308M","-$2.56B","France","Health Care"
500,"Autry Stephens","$5.22B","$0","+$724M","United States","Energy"
